,year,state,r_win,d_win,r_votes,d_votes
0,1976,ALABAMA,3.0,4.0,314970.0,667052.0
1,1976,ALASKA,1.0,0.0,83722.0,34194.0
2,1976,ARIZONA,2.0,2.0,340478.0,355747.0
3,1976,ARKANSAS,1.0,3.0,75385.0,260998.0
4,1976,CALIFORNIA,14.0,29.0,3220418.0,4144324.0
5,1976,COLORADO,2.0,3.0,536879.0,454741.0
6,1976,CONNECTICUT,2.0,4.0,651250.0,681730.0
7,1976,DELAWARE,1.0,0.0,110636.0,102411.0
8,1976,FLORIDA,5.0,10.0,937257.0,1125786.0
9,1976,GEORGIA,0.0,10.0,321891.0,929829.0
10,1976,HAWAII,0.0,2.0,77662.0,184166.0
11,1976,IDAHO,2.0,0.0,180008.0,161899.0
12,1976,ILLINOIS,12.0,12.0,2112868.0,2246614.0
13,1976,INDIANA,3.0,8.0,932002.0,1166368.0
14,1976,IOWA,2.0,4.0,526677.0,709435.0
15,1976,KANSAS,3.0,2.0,545240.0,348621.0
16,1976,KENTUCKY,2.0,5.0,374086.0,605680.0
17,1976,LOUISIANA,2.0,6.0,364582.0,624098.0
18,1976,MAINE,2.0,0.0,314815.0,151255.0
19,1976,MARYLAND,3.0,5.0,473316.0,789029.0
20,1976,MASSACHUSETTS,2.0,10.0,723119.0,1509521.0
21,1976,MICHIGAN,8.0,11.0,1503114.0,1898241.0
22,1976,MINNESOTA,3.0,5.0,729577.0,1039999.0
23,1976,MISSISSIPPI,2.0,3.0,256608.0,375328.0
24,1976,MISSOURI,2.0,8.0,812238.0,1080807.0
25,1976,MONTANA,1.0,1.0,140446.0,180459.0
26,1976,NEBRASKA,2.0,1.0,385630.0,211007.0
27,1976,NEVADA,0.0,1.0,24124.0,153996.0
28,1976,NEW HAMPSHIRE,1.0,1.0,148998.0,173598.0
29,1976,NEW JERSEY,4.0,11.0,1217932.0,1538658.0
30,1976,NEW MEXICO,1.0,1.0,214718.0,185363.0
31,1976,NEW YORK,12.0,27.0,2292372.0,3239945.0
32,1976,NORTH CAROLINA,2.0,9.0,549410.0,1010630.0
33,1976,NORTH DAKOTA,1.0,0.0,181018.0,104263.0
34,1976,OHIO,13.0,10.0,1917322.0,1817528.0
35,1976,OKLAHOMA,1.0,5.0,372221.0,683293.0
36,1976,OREGON,0.0,4.0,262514.0,599135.0
37,1976,PENNSYLVANIA,8.0,17.0,2006856.0,2410267.0
38,1976,RHODE ISLAND,0.0,2.0,113518.0,271127.0
39,1976,SOUTH CAROLINA,1.0,5.0,279390.0,501943.0
40,1976,SOUTH DAKOTA,2.0,0.0,221188.0,72501.0
41,1976,TENNESSEE,3.0,5.0,452877.0,774879.0
42,1976,TEXAS,2.0,22.0,1277165.0,2368543.0
43,1976,UTAH,1.0,1.0,251403.0,266562.0
44,1976,VERMONT,1.0,0.0,124458.0,60202.0
45,1976,VIRGINIA,6.0,4.0,670400.0,666082.0
46,1976,WASHINGTON,1.0,6.0,585719.0,817948.0
47,1976,WEST VIRGINIA,0.0,4.0,159189.0,455172.0
48,1976,WISCONSIN,2.0,7.0,760740.0,1190287.0
49,1976,WYOMING,0.0,1.0,66147.0,85721.0
50,1978,ALABAMA,3.0,4.0,197176.0,439564.0
51,1978,ALASKA,1.0,0.0,68811.0,55176.0
52,1978,ARIZONA,2.0,2.0,230573.0,261567.0
53,1978,ARKANSAS,2.0,2.0,195371.0,97890.0
54,1978,CALIFORNIA,17.0,26.0,3105933.0,3335332.0
55,1978,COLORADO,2.0,3.0,402274.0,369635.0
56,1978,CONNECTICUT,1.0,5.0,423474.0,592396.0
57,1978,DELAWARE,1.0,0.0,91689.0,64863.0
58,1978,FLORIDA,3.0,12.0,671943.0,948049.0
59,1978,GEORGIA,1.0,9.0,116301.0,472210.0
60,1978,HAWAII,0.0,2.0,40167.0,202824.0
61,1978,IDAHO,2.0,0.0,167271.0,118012.0
62,1978,ILLINOIS,13.0,11.0,1576522.0,1464688.0
63,1978,INDIANA,4.0,7.0,680513.0,751940.0
64,1978,IOWA,3.0,3.0,406248.0,403365.0
65,1978,KANSAS,4.0,1.0,440586.0,233001.0
66,1978,KENTUCKY,3.0,4.0,207568.0,264798.0
67,1978,LOUISIANA,3.0,5.0,65320.0,65587.0
68,1978,MAINE,2.0,0.0,208730.0,141039.0
69,1978,MARYLAND,2.0,6.0,312974.0,604457.0
70,1978,MASSACHUSETTS,2.0,10.0,471755.0,1249311.0
71,1978,MICHIGAN,6.0,13.0,1150495.0,1538922.0
72,1978,MINNESOTA,4.0,4.0,709387.0,779286.0
73,1978,MISSISSIPPI,2.0,3.0,236274.0,251558.0
74,1978,MISSOURI,2.0,8.0,575578.0,966553.0
75,1978,MONTANA,1.0,1.0,139859.0,143496.0
76,1978,NEBRASKA,2.0,1.0,310919.0,183817.0
77,1978,NEVADA,0.0,1.0,44425.0,132513.0
78,1978,NEW HAMPSHIRE,1.0,1.0,133666.0,122243.0
79,1978,NEW JERSEY,5.0,10.0,837783.0,1043747.0
80,1978,NEW MEXICO,1.0,1.0,118075.0,166471.0
81,1978,NEW YORK,13.0,26.0,1796078.0,2200810.0
82,1978,NORTH CAROLINA,2.0,9.0,406076.0,607324.0
83,1978,NORTH DAKOTA,1.0,0.0,147712.0,68016.0
84,1978,OHIO,13.0,10.0,1471855.0,1278151.0
85,1978,OKLAHOMA,1.0,5.0,258160.0,330953.0
86,1978,OREGON,0.0,4.0,258140.0,587445.0
87,1978,PENNSYLVANIA,10.0,15.0,1711318.0,1804598.0
88,1978,RHODE ISLAND,0.0,2.0,133637.0,174165.0
89,1978,SOUTH CAROLINA,2.0,4.0,183433.0,376777.0
90,1978,SOUTH DAKOTA,1.0,1.0,135324.0,120199.0
91,1978,TENNESSEE,3.0,5.0,448825.0,580617.0
92,1978,TEXAS,4.0,20.0,888215.0,1285348.0
93,1978,UTAH,1.0,1.0,206520.0,162791.0
94,1978,VERMONT,1.0,0.0,90688.0,23228.0
95,1978,VIRGINIA,6.0,4.0,545151.0,444049.0
96,1978,WASHINGTON,1.0,6.0,450847.0,507252.0
97,1978,WEST VIRGINIA,0.0,4.0,151918.0,290927.0
98,1978,WISCONSIN,3.0,6.0,675953.0,768536.0
99,1978,WYOMING,1.0,0.0,75855.0,53522.0
100,1980,ALABAMA,3.0,4.0,354224.0,628133.0
101,1980,ALASKA,1.0,0.0,114089.0,39922.0
102,1980,ARIZONA,2.0,2.0,434024.0,394275.0
103,1980,ARKANSAS,2.0,2.0,159149.0,42280.0
104,1980,CALIFORNIA,21.0,22.0,4176462.0,3664614.0
105,1980,COLORADO,2.0,3.0,619504.0,505586.0
106,1980,CONNECTICUT,2.0,4.0,640177.0,695255.0
107,1980,DELAWARE,1.0,0.0,133842.0,81227.0
108,1980,FLORIDA,4.0,11.0,1275719.0,1813164.0
109,1980,GEORGIA,1.0,9.0,381174.0,973540.0
110,1980,HAWAII,0.0,2.0,19819.0,239733.0
111,1980,IDAHO,2.0,0.0,233041.0,182061.0
112,1980,ILLINOIS,14.0,10.0,2417747.0,2048658.0
113,1980,INDIANA,5.0,6.0,1100711.0,1087722.0
114,1980,IOWA,3.0,3.0,609478.0,642763.0
115,1980,KANSAS,4.0,1.0,519874.0,404549.0
116,1980,KENTUCKY,3.0,4.0,442309.0,610411.0
117,1980,LOUISIANA,2.0,6.0,259897.0,506648.0
118,1980,MAINE,2.0,0.0,375073.0,137845.0
119,1980,MARYLAND,1.0,7.0,537078.0,865969.0
120,1980,MASSACHUSETTS,2.0,10.0,757927.0,1473289.0
121,1980,MICHIGAN,7.0,12.0,1659101.0,1877335.0
122,1980,MINNESOTA,5.0,3.0,987147.0,905793.0
123,1980,MISSISSIPPI,2.0,3.0,304472.0,427773.0
124,1980,MISSOURI,4.0,6.0,940510.0,1110060.0
125,1980,MONTANA,1.0,1.0,162305.0,176236.0
126,1980,NEBRASKA,3.0,0.0,451328.0,167415.0
127,1980,NEVADA,0.0,1.0,63163.0,165107.0
128,1980,NEW HAMPSHIRE,1.0,1.0,186869.0,177411.0
129,1980,NEW JERSEY,7.0,8.0,1368981.0,1316100.0
130,1980,NEW MEXICO,2.0,0.0,187474.0,175988.0
131,1980,NEW YORK,15.0,24.0,2458365.0,2596006.0
132,1980,NORTH CAROLINA,4.0,7.0,769144.0,964493.0
133,1980,NORTH DAKOTA,0.0,1.0,124707.0,166437.0
134,1980,OHIO,13.0,10.0,2135669.0,1788410.0
135,1980,OKLAHOMA,1.0,5.0,391209.0,439652.0
136,1980,OREGON,1.0,3.0,438738.0,656737.0
137,1980,PENNSYLVANIA,12.0,12.0,2161638.0,2055590.0
138,1980,RHODE ISLAND,1.0,1.0,172901.0,213726.0
139,1980,SOUTH CAROLINA,4.0,2.0,399039.0,408296.0
140,1980,SOUTH DAKOTA,1.0,1.0,146146.0,173357.0
141,1980,TENNESSEE,3.0,5.0,618876.0,663796.0
142,1980,TEXAS,5.0,19.0,1608636.0,2405026.0
143,1980,UTAH,2.0,0.0,351996.0,232426.0
144,1980,VERMONT,1.0,0.0,154274.0,0.0
145,1980,VIRGINIA,9.0,1.0,1005272.0,486084.0
146,1980,WASHINGTON,2.0,5.0,792836.0,816133.0
147,1980,WEST VIRGINIA,2.0,2.0,294846.0,390986.0
148,1980,WISCONSIN,4.0,5.0,1055472.0,1071978.0
149,1980,WYOMING,1.0,0.0,116361.0,53338.0
150,1982,ALABAMA,2.0,5.0,272510.0,676584.0
151,1982,ALASKA,1.0,0.0,128274.0,52011.0
152,1982,ARIZONA,3.0,2.0,394872.0,300493.0
153,1982,ARKANSAS,2.0,2.0,361772.0,397466.0
154,1982,CALIFORNIA,17.0,28.0,3603102.0,3815205.0
155,1982,COLORADO,3.0,3.0,484936.0,448287.0
156,1982,CONNECTICUT,2.0,4.0,485491.0,577340.0
157,1982,DELAWARE,0.0,1.0,87153.0,98533.0
158,1982,FLORIDA,6.0,13.0,900204.0,1311344.0
159,1982,GEORGIA,1.0,9.0,225215.0,670110.0
160,1982,HAWAII,0.0,2.0,0.0,266851.0
161,1982,IDAHO,2.0,0.0,170150.0,150996.0
162,1982,ILLINOIS,10.0,12.0,1508308.0,2093272.0
163,1982,INDIANA,5.0,5.0,909691.0,882378.0
164,1982,IOWA,3.0,3.0,475366.0,528726.0
165,1982,KANSAS,3.0,2.0,400837.0,345507.0
166,1982,KENTUCKY,3.0,4.0,280352.0,413286.0
167,1982,LOUISIANA,2.0,6.0,2.0,6.0
168,1982,MAINE,2.0,0.0,260925.0,186970.0
169,1982,MARYLAND,1.0,7.0,348561.0,742600.0
170,1982,MASSACHUSETTS,1.0,10.0,561091.0,1300344.0
171,1982,MICHIGAN,6.0,12.0,1093425.0,1669522.0
172,1982,MINNESOTA,3.0,5.0,777584.0,956321.0
173,1982,MISSISSIPPI,2.0,3.0,259553.0,368403.0
174,1982,MISSOURI,3.0,6.0,653468.0,871682.0
175,1982,MONTANA,1.0,1.0,142370.0,165902.0
176,1982,NEBRASKA,3.0,0.0,402167.0,116107.0
177,1982,NEVADA,1.0,1.0,115863.0,114166.0
178,1982,NEW HAMPSHIRE,1.0,1.0,153974.0,114187.0
179,1982,NEW JERSEY,5.0,9.0,915472.0,1206416.0
180,1982,NEW MEXICO,2.0,1.0,191946.0,202802.0
181,1982,NEW YORK,14.0,20.0,1836065.0,2461350.0
182,1982,NORTH CAROLINA,2.0,9.0,579817.0,724269.0
183,1982,NORTH DAKOTA,0.0,1.0,72241.0,186534.0
184,1982,OHIO,11.0,10.0,1456712.0,1807305.0
185,1982,OKLAHOMA,1.0,5.0,310186.0,539413.0
186,1982,OREGON,2.0,3.0,436754.0,577949.0
187,1982,PENNSYLVANIA,10.0,13.0,1651922.0,1910988.0
188,1982,RHODE ISLAND,1.0,1.0,157535.0,174023.0
189,1982,SOUTH CAROLINA,3.0,3.0,295160.0,353111.0
190,1982,SOUTH DAKOTA,0.0,1.0,133530.0,142122.0
191,1982,TENNESSEE,3.0,6.0,469527.0,697823.0
192,1982,TEXAS,5.0,22.0,943598.0,1847048.0
193,1982,UTAH,3.0,0.0,312003.0,144987.0
194,1982,VERMONT,1.0,0.0,114191.0,38296.0
195,1982,VIRGINIA,6.0,4.0,690094.0,629678.0
196,1982,WASHINGTON,3.0,5.0,603916.0,689811.0
197,1982,WEST VIRGINIA,0.0,4.0,202380.0,343236.0
198,1982,WISCONSIN,4.0,5.0,667193.0,768616.0
199,1982,WYOMING,1.0,0.0,113236.0,46041.0
200,1984,ALABAMA,2.0,5.0,308182.0,821773.0
201,1984,ALASKA,1.0,0.0,113582.0,86052.0
202,1984,ARIZONA,4.0,1.0,602737.0,319560.0
203,1984,ARKANSAS,1.0,3.0,90842.0,341335.0
204,1984,CALIFORNIA,18.0,27.0,4423734.0,4327237.0
205,1984,COLORADO,4.0,2.0,779700.0,436041.0
206,1984,CONNECTICUT,3.0,3.0,761647.0,667668.0
207,1984,DELAWARE,0.0,1.0,100650.0,142070.0
208,1984,FLORIDA,7.0,12.0,1190779.0,1244692.0
209,1984,GEORGIA,2.0,8.0,430143.0,1090682.0
210,1984,HAWAII,0.0,2.0,40608.0,227261.0
211,1984,IDAHO,1.0,1.0,240218.0,164857.0
212,1984,ILLINOIS,9.0,13.0,2203506.0,2367383.0
213,1984,INDIANA,5.0,5.0,1146656.0,1022451.0
214,1984,IOWA,4.0,2.0,673343.0,595265.0
215,1984,KANSAS,3.0,2.0,541986.0,435071.0
216,1984,KENTUCKY,3.0,4.0,528862.0,656661.0
217,1984,LOUISIANA,2.0,6.0,2.0,6.0
218,1984,MAINE,2.0,0.0,374951.0,162319.0
219,1984,MARYLAND,2.0,6.0,535915.0,954873.0
220,1984,MASSACHUSETTS,1.0,10.0,703945.0,1618131.0
221,1984,MICHIGAN,7.0,11.0,1566916.0,1861442.0
222,1984,MINNESOTA,3.0,5.0,902268.0,1060800.0
223,1984,MISSISSIPPI,2.0,3.0,326826.0,523161.0
224,1984,MISSOURI,3.0,6.0,903027.0,1129689.0
225,1984,MONTANA,1.0,1.0,178726.0,187443.0
226,1984,NEBRASKA,3.0,0.0,482121.0,167617.0
227,1984,NEVADA,1.0,1.0,155166.0,109372.0
228,1984,NEW HAMPSHIRE,2.0,0.0,250602.0,119111.0
229,1984,NEW JERSEY,6.0,8.0,1470836.0,1508320.0
230,1984,NEW MEXICO,2.0,1.0,294165.0,201131.0
231,1984,NEW YORK,14.0,20.0,2722637.0,3072707.0
232,1984,NORTH CAROLINA,5.0,6.0,1026391.0,1130979.0
233,1984,NORTH DAKOTA,0.0,1.0,65761.0,242968.0
234,1984,OHIO,10.0,11.0,2159354.0,2134198.0
235,1984,OKLAHOMA,1.0,5.0,458053.0,645537.0
236,1984,OREGON,2.0,3.0,548201.0,655092.0
237,1984,PENNSYLVANIA,10.0,13.0,2111851.0,2531111.0
238,1984,RHODE ISLAND,1.0,1.0,194308.0,194925.0
239,1984,SOUTH CAROLINA,3.0,3.0,441256.0,470567.0
240,1984,SOUTH DAKOTA,0.0,1.0,134821.0,181401.0
241,1984,TENNESSEE,3.0,6.0,589118.0,726462.0
242,1984,TEXAS,10.0,17.0,1981823.0,2695028.0
243,1984,UTAH,3.0,0.0,387410.0,208223.0
244,1984,VERMONT,1.0,0.0,148025.0,60360.0
245,1984,VIRGINIA,6.0,4.0,1003211.0,795009.0
246,1984,WASHINGTON,3.0,5.0,799565.0,996950.0
247,1984,WEST VIRGINIA,0.0,4.0,275160.0,429209.0
248,1984,WISCONSIN,4.0,5.0,1032948.0,1033033.0
249,1984,WYOMING,1.0,0.0,138234.0,45857.0
250,1986,ALABAMA,2.0,5.0,436357.0,678716.0
251,1986,ALASKA,1.0,0.0,101799.0,74053.0
252,1986,ARIZONA,4.0,1.0,539940.0,260144.0
253,1986,ARKANSAS,1.0,3.0,268291.0,386672.0
254,1986,CALIFORNIA,18.0,27.0,3328109.0,3743542.0
255,1986,COLORADO,3.0,3.0,566236.0,449683.0
256,1986,CONNECTICUT,3.0,3.0,433977.0,544938.0
257,1986,DELAWARE,0.0,1.0,53767.0,106351.0
258,1986,FLORIDA,7.0,12.0,986783.0,1153714.0
259,1986,GEORGIA,2.0,8.0,289068.0,772986.0
260,1986,HAWAII,1.0,1.0,135054.0,186891.0
261,1986,IDAHO,1.0,1.0,207081.0,162758.0
262,1986,ILLINOIS,9.0,13.0,1393103.0,1622759.0
263,1986,INDIANA,4.0,6.0,756135.0,788419.0
264,1986,IOWA,4.0,2.0,461455.0,428022.0
265,1986,KANSAS,3.0,2.0,474570.0,312800.0
266,1986,KENTUCKY,3.0,4.0,252849.0,374742.0
267,1986,LOUISIANA,3.0,5.0,102278.0,288366.0
268,1986,MAINE,1.0,1.0,249030.0,165462.0
269,1986,MARYLAND,2.0,6.0,394393.0,668669.0
270,1986,MASSACHUSETTS,1.0,10.0,250385.0,1198143.0
271,1986,MICHIGAN,7.0,11.0,977122.0,1342034.0
272,1986,MINNESOTA,3.0,5.0,557741.0,831715.0
273,1986,MISSISSIPPI,1.0,4.0,208037.0,315526.0
274,1986,MISSOURI,4.0,5.0,599520.0,828403.0
275,1986,MONTANA,1.0,1.0,145778.0,172084.0
276,1986,NEBRASKA,3.0,0.0,358326.0,196691.0
277,1986,NEVADA,1.0,1.0,133821.0,121263.0
278,1986,NEW HAMPSHIRE,2.0,0.0,156218.0,84475.0
279,1986,NEW JERSEY,6.0,8.0,730596.0,811066.0
280,1986,NEW MEXICO,2.0,1.0,206815.0,178822.0
281,1986,NEW YORK,13.0,21.0,1550796.0,2023066.0
282,1986,NORTH CAROLINA,3.0,8.0,682447.0,890058.0
283,1986,NORTH DAKOTA,0.0,1.0,66989.0,216258.0
284,1986,OHIO,10.0,11.0,1536105.0,1512037.0
285,1986,OKLAHOMA,2.0,4.0,291098.0,430455.0
286,1986,OREGON,2.0,3.0,446462.0,584763.0
287,1986,PENNSYLVANIA,11.0,12.0,1525803.0,1762935.0
288,1986,RHODE ISLAND,1.0,1.0,176000.0,129663.0
289,1986,SOUTH CAROLINA,2.0,4.0,261489.0,453232.0
290,1986,SOUTH DAKOTA,0.0,1.0,118261.0,171462.0
291,1986,TENNESSEE,3.0,6.0,465208.0,636374.0
292,1986,TEXAS,10.0,17.0,1263413.0,1716978.0
293,1986,UTAH,2.0,1.0,229717.0,196683.0
294,1986,VERMONT,1.0,0.0,168403.0,0.0
295,1986,VIRGINIA,5.0,5.0,466747.0,544951.0
296,1986,WASHINGTON,3.0,5.0,527158.0,767678.0
297,1986,WEST VIRGINIA,0.0,4.0,96864.0,298956.0
298,1986,WISCONSIN,4.0,5.0,668708.0,704113.0
299,1986,WYOMING,1.0,0.0,111007.0,48780.0
300,1988,ALABAMA,2.0,5.0,432232.0,722200.0
301,1988,ALASKA,1.0,0.0,120595.0,71881.0
302,1988,ARIZONA,4.0,1.0,766111.0,321815.0
303,1988,ARKANSAS,1.0,3.0,252756.0,353165.0
304,1988,CALIFORNIA,18.0,27.0,4173715.0,4944646.0
305,1988,COLORADO,3.0,3.0,667091.0,645469.0
306,1988,CONNECTICUT,3.0,3.0,676817.0,660360.0
307,1988,DELAWARE,0.0,1.0,76179.0,158338.0
308,1988,FLORIDA,9.0,10.0,1615569.0,1430885.0
309,1988,GEORGIA,1.0,9.0,556817.0,1115343.0
310,1988,HAWAII,1.0,1.0,96848.0,221196.0
311,1988,IDAHO,1.0,1.0,203447.0,198284.0
312,1988,ILLINOIS,8.0,14.0,2022568.0,2317444.0
313,1988,INDIANA,4.0,6.0,1023124.0,1096834.0
314,1988,IOWA,4.0,2.0,606647.0,580200.0
315,1988,KANSAS,3.0,2.0,565308.0,366757.0
316,1988,KENTUCKY,3.0,4.0,564433.0,534313.0
317,1988,LOUISIANA,4.0,4.0,116244.0,88568.0
318,1988,MAINE,1.0,1.0,278351.0,276335.0
319,1988,MARYLAND,2.0,6.0,624021.0,936963.0
320,1988,MASSACHUSETTS,1.0,10.0,509360.0,1787467.0
321,1988,MICHIGAN,7.0,11.0,1604946.0,1824103.0
322,1988,MINNESOTA,3.0,0.0,809624.0,0.0
323,1988,MISSISSIPPI,1.0,4.0,307555.0,606715.0
324,1988,MISSOURI,4.0,5.0,909599.0,1148292.0
325,1988,MONTANA,1.0,1.0,171870.0,193347.0
326,1988,NEBRASKA,2.0,1.0,425726.0,229524.0
327,1988,NEVADA,1.0,1.0,159569.0,176927.0
328,1988,NEW HAMPSHIRE,2.0,0.0,251566.0,176300.0
329,1988,NEW JERSEY,6.0,8.0,1411840.0,1336325.0
330,1988,NEW MEXICO,2.0,1.0,236263.0,209076.0
331,1988,NEW YORK,13.0,21.0,2249694.0,2870952.0
332,1988,NORTH CAROLINA,3.0,8.0,876362.0,1108311.0
333,1988,NORTH DAKOTA,0.0,1.0,84475.0,212583.0
334,1988,OHIO,10.0,11.0,2123098.0,2098271.0
335,1988,OKLAHOMA,2.0,4.0,361538.0,405667.0
336,1988,OREGON,2.0,3.0,357701.0,664564.0
337,1988,PENNSYLVANIA,11.0,12.0,2069885.0,2117078.0
338,1988,RHODE ISLAND,2.0,0.0,250724.0,140270.0
339,1988,SOUTH CAROLINA,2.0,4.0,439476.0,549652.0
340,1988,SOUTH DAKOTA,0.0,1.0,88157.0,223759.0
341,1988,TENNESSEE,3.0,6.0,536480.0,844210.0
342,1988,TEXAS,8.0,19.0,1834135.0,2735940.0
343,1988,UTAH,2.0,1.0,341056.0,260123.0
344,1988,VERMONT,1.0,0.0,98937.0,45330.0
345,1988,VIRGINIA,5.0,5.0,1076895.0,801831.0
346,1988,WASHINGTON,3.0,5.0,742844.0,988386.0
347,1988,WEST VIRGINIA,0.0,4.0,131963.0,436616.0
348,1988,WISCONSIN,4.0,5.0,997265.0,1035249.0
349,1988,WYOMING,1.0,0.0,118350.0,56527.0
350,1990,ALABAMA,2.0,5.0,314735.0,689987.0
351,1990,ALASKA,1.0,0.0,99003.0,91677.0
352,1990,ARIZONA,4.0,1.0,620906.0,344604.0
353,1990,ARKANSAS,1.0,3.0,295877.0,369194.0
354,1990,CALIFORNIA,19.0,26.0,3346962.0,3567775.0
355,1990,COLORADO,3.0,3.0,487326.0,503549.0
356,1990,CONNECTICUT,3.0,3.0,545751.0,489206.0
357,1990,DELAWARE,0.0,1.0,58037.0,116274.0
358,1990,FLORIDA,10.0,9.0,1163088.0,1212979.0
359,1990,GEORGIA,1.0,9.0,538865.0,854784.0
360,1990,HAWAII,0.0,2.0,117607.0,215777.0
361,1990,IDAHO,0.0,2.0,131450.0,183062.0
362,1990,ILLINOIS,7.0,15.0,1349079.0,1646340.0
363,1990,INDIANA,2.0,8.0,682593.0,830500.0
364,1990,IOWA,4.0,2.0,385003.0,400852.0
365,1990,KANSAS,3.0,2.0,387180.0,393671.0
366,1990,KENTUCKY,3.0,4.0,397388.0,353439.0
367,1990,LOUISIANA,4.0,4.0,4.0,105856.0
368,1990,MAINE,1.0,1.0,232540.0,284421.0
369,1990,MARYLAND,3.0,5.0,517386.0,565669.0
370,1990,MASSACHUSETTS,1.0,10.0,566923.0,1420422.0
371,1990,MICHIGAN,7.0,11.0,1089299.0,1321449.0
372,1990,MINNESOTA,2.0,0.0,736497.0,0.0
373,1990,MISSISSIPPI,0.0,5.0,69216.0,299286.0
374,1990,MISSOURI,3.0,6.0,624602.0,727950.0
375,1990,MONTANA,1.0,1.0,160286.0,157148.0
376,1990,NEBRASKA,2.0,1.0,309106.0,276724.0
377,1990,NEVADA,1.0,1.0,150885.0,144231.0
378,1990,NEW HAMPSHIRE,1.0,1.0,148909.0,141042.0
379,1990,NEW JERSEY,6.0,8.0,910931.0,836944.0
380,1990,NEW MEXICO,2.0,1.0,213803.0,145531.0
381,1990,NEW YORK,13.0,21.0,1458528.0,1760428.0
382,1990,NORTH CAROLINA,4.0,7.0,935054.0,1076340.0
383,1990,NORTH DAKOTA,0.0,1.0,81443.0,152530.0
384,1990,OHIO,10.0,11.0,1590381.0,1806626.0
385,1990,OKLAHOMA,2.0,4.0,337590.0,519047.0
386,1990,OREGON,1.0,4.0,342246.0,667258.0
387,1990,PENNSYLVANIA,12.0,11.0,1552475.0,1292717.0
388,1990,RHODE ISLAND,1.0,1.0,164916.0,181949.0
389,1990,SOUTH CAROLINA,2.0,4.0,274650.0,382939.0
390,1990,SOUTH DAKOTA,0.0,1.0,83484.0,173814.0
391,1990,TENNESSEE,3.0,6.0,288633.0,369294.0
392,1990,TEXAS,8.0,19.0,1498096.0,1763432.0
393,1990,UTAH,1.0,2.0,191067.0,233821.0
394,1990,VERMONT,0.0,0.0,82938.0,6315.0
395,1990,VIRGINIA,4.0,6.0,410941.0,662800.0
396,1990,WASHINGTON,3.0,5.0,596407.0,696275.0
397,1990,WEST VIRGINIA,0.0,4.0,123311.0,251298.0
398,1990,WISCONSIN,5.0,4.0,651569.0,597332.0
399,1990,WYOMING,1.0,0.0,87078.0,70977.0
400,1992,ALABAMA,3.0,4.0,643150.0,895601.0
401,1992,ALASKA,1.0,0.0,111849.0,102378.0
402,1992,ARIZONA,3.0,3.0,740047.0,582317.0
403,1992,ARKANSAS,2.0,2.0,356900.0,525197.0
404,1992,CALIFORNIA,22.0,30.0,4365155.0,5446965.0
405,1992,COLORADO,4.0,2.0,757666.0,691479.0
406,1992,CONNECTICUT,4.0,2.0,699155.0,501887.0
407,1992,DELAWARE,1.0,0.0,153037.0,117426.0
408,1992,FLORIDA,13.0,10.0,2510726.0,2256681.0
409,1992,GEORGIA,4.0,7.0,999182.0,1214792.0
410,1992,HAWAII,0.0,2.0,81645.0,260786.0
411,1992,IDAHO,1.0,1.0,230766.0,222435.0
412,1992,ILLINOIS,8.0,12.0,2096717.0,2677685.0
413,1992,INDIANA,3.0,7.0,998334.0,1205869.0
414,1992,IOWA,4.0,1.0,729496.0,492843.0
415,1992,KANSAS,2.0,2.0,591712.0,488381.0
416,1992,KENTUCKY,2.0,4.0,638166.0,721747.0
417,1992,LOUISIANA,3.0,4.0,398680.0,284913.0
418,1992,MAINE,1.0,1.0,278258.0,363520.0
419,1992,MARYLAND,4.0,4.0,849779.0,955952.0
420,1992,MASSACHUSETTS,2.0,8.0,856572.0,1518208.0
421,1992,MICHIGAN,6.0,10.0,1855241.0,1913175.0
422,1992,MINNESOTA,0.0,0.0,0.0,0.0
423,1992,MISSISSIPPI,0.0,5.0,273234.0,669582.0
424,1992,MISSOURI,3.0,6.0,1036268.0,1269486.0
425,1992,MONTANA,0.0,1.0,189570.0,203711.0
426,1992,NEBRASKA,2.0,1.0,427398.0,283278.0
427,1992,NEVADA,1.0,1.0,213792.0,245477.0
428,1992,NEW HAMPSHIRE,1.0,1.0,227062.0,265906.0
429,1992,NEW JERSEY,6.0,7.0,1503145.0,1354915.0
430,1992,NEW MEXICO,2.0,1.0,277833.0,272607.0
431,1992,NEW YORK,12.0,19.0,2371652.0,2946645.0
432,1992,NORTH CAROLINA,4.0,8.0,1203983.0,1282474.0
433,1992,NORTH DAKOTA,0.0,1.0,117442.0,169273.0
434,1992,OHIO,9.0,10.0,2154080.0,2198039.0
435,1992,OKLAHOMA,2.0,4.0,504133.0,764249.0
436,1992,OREGON,1.0,4.0,553101.0,824796.0
437,1992,PENNSYLVANIA,10.0,11.0,2347441.0,2154372.0
438,1992,RHODE ISLAND,1.0,1.0,185980.0,192542.0
439,1992,SOUTH CAROLINA,3.0,3.0,581159.0,505887.0
440,1992,SOUTH DAKOTA,0.0,1.0,89375.0,230070.0
441,1992,TENNESSEE,3.0,6.0,737690.0,882973.0
442,1992,TEXAS,9.0,21.0,2685973.0,2806044.0
443,1992,UTAH,1.0,2.0,362363.0,331479.0
444,1992,VERMONT,0.0,0.0,86901.0,22279.0
445,1992,VIRGINIA,4.0,7.0,1142649.0,1148570.0
446,1992,WASHINGTON,1.0,8.0,911913.0,1236665.0
447,1992,WEST VIRGINIA,0.0,3.0,123114.0,439191.0
448,1992,WISCONSIN,5.0,4.0,1210827.0,1153862.0
449,1992,WYOMING,1.0,0.0,113882.0,77418.0
450,1994,ALABAMA,3.0,4.0,558437.0,554154.0
451,1994,ALASKA,1.0,0.0,118537.0,68172.0
452,1994,ARIZONA,5.0,1.0,652831.0,409672.0
453,1994,ARKANSAS,2.0,2.0,372889.0,336123.0
454,1994,CALIFORNIA,25.0,27.0,4070290.0,3959954.0
455,1994,COLORADO,4.0,2.0,687070.0,364391.0
456,1994,CONNECTICUT,3.0,3.0,505150.0,416095.0
457,1994,DELAWARE,1.0,0.0,137945.0,51793.0
458,1994,FLORIDA,15.0,8.0,1694186.0,1155647.0
459,1994,GEORGIA,7.0,4.0,816484.0,681051.0
460,1994,HAWAII,0.0,2.0,119514.0,219185.0
461,1994,IDAHO,2.0,0.0,255321.0,137762.0
462,1994,ILLINOIS,10.0,10.0,1576655.0,1459928.0
463,1994,INDIANA,6.0,4.0,875082.0,667454.0
464,1994,IOWA,5.0,0.0,560117.0,407309.0
465,1994,KANSAS,4.0,0.0,519127.0,298269.0
466,1994,KENTUCKY,4.0,2.0,450640.0,316037.0
467,1994,LOUISIANA,3.0,4.0,3.0,4.0
468,1994,MAINE,1.0,1.0,234070.0,235988.0
469,1994,MARYLAND,4.0,4.0,682578.0,662312.0
470,1994,MASSACHUSETTS,2.0,8.0,592758.0,1362572.0
471,1994,MICHIGAN,7.0,9.0,1532084.0,1418142.0
472,1994,MINNESOTA,2.0,0.0,846950.0,0.0
473,1994,MISSISSIPPI,1.0,4.0,256424.0,354487.0
474,1994,MISSOURI,3.0,6.0,834456.0,894783.0
475,1994,MONTANA,0.0,1.0,148715.0,171372.0
476,1994,NEBRASKA,3.0,0.0,365402.0,203062.0
477,1994,NEVADA,2.0,0.0,215971.0,137723.0
478,1994,NEW HAMPSHIRE,2.0,0.0,180138.0,116724.0
479,1994,NEW JERSEY,8.0,5.0,1091251.0,879855.0
480,1994,NEW MEXICO,2.0,1.0,263477.0,187532.0
481,1994,NEW YORK,13.0,18.0,1992633.0,2146180.0
482,1994,NORTH CAROLINA,8.0,4.0,907093.0,681064.0
483,1994,NORTH DAKOTA,0.0,1.0,105988.0,123134.0
484,1994,OHIO,13.0,6.0,1925452.0,1327955.0
485,1994,OKLAHOMA,5.0,1.0,554800.0,368063.0
486,1994,OREGON,2.0,3.0,498628.0,646589.0
487,1994,PENNSYLVANIA,10.0,11.0,1830779.0,1491859.0
488,1994,RHODE ISLAND,0.0,2.0,132417.0,209491.0
489,1994,SOUTH CAROLINA,4.0,2.0,552085.0,313043.0
490,1994,SOUTH DAKOTA,0.0,1.0,112054.0,183036.0
491,1994,TENNESSEE,5.0,4.0,775843.0,614512.0
492,1994,TEXAS,11.0,19.0,2294222.0,1734163.0
493,1994,UTAH,2.0,1.0,252300.0,216080.0
494,1994,VERMONT,0.0,0.0,98523.0,0.0
495,1994,VIRGINIA,5.0,6.0,1089242.0,752701.0
496,1994,WASHINGTON,7.0,2.0,853712.0,826753.0
497,1994,WEST VIRGINIA,0.0,3.0,137663.0,268901.0
498,1994,WISCONSIN,6.0,3.0,893405.0,547825.0
499,1994,WYOMING,1.0,0.0,104426.0,81022.0
500,1996,ALABAMA,5.0,2.0,785513.0,656047.0
501,1996,ALASKA,1.0,0.0,138834.0,85114.0
502,1996,ARIZONA,5.0,1.0,800917.0,521345.0
503,1996,ARKANSAS,2.0,2.0,456033.0,395506.0
504,1996,CALIFORNIA,23.0,29.0,4291644.0,4706276.0
505,1996,COLORADO,4.0,2.0,832763.0,596575.0
506,1996,CONNECTICUT,2.0,4.0,547084.0,674307.0
507,1996,DELAWARE,1.0,0.0,185577.0,73258.0
508,1996,FLORIDA,15.0,8.0,2639568.0,2036620.0
509,1996,GEORGIA,8.0,3.0,1151993.0,1011190.0
510,1996,HAWAII,0.0,2.0,135782.0,195910.0
511,1996,IDAHO,2.0,0.0,289990.0,193524.0
512,1996,ILLINOIS,10.0,10.0,1812673.0,2267369.0
513,1996,INDIANA,6.0,4.0,1109066.0,930919.0
514,1996,IOWA,4.0,1.0,649959.0,532815.0
515,1996,KANSAS,4.0,0.0,591146.0,424984.0
516,1996,KENTUCKY,5.0,1.0,730739.0,507431.0
517,1996,LOUISIANA,5.0,2.0,135994.0,339164.0
518,1996,MAINE,0.0,2.0,211210.0,379184.0
519,1996,MARYLAND,4.0,4.0,762163.0,876658.0
520,1996,MASSACHUSETTS,0.0,10.0,780032.0,1584479.0
521,1996,MICHIGAN,6.0,10.0,1678735.0,1945116.0
522,1996,MINNESOTA,2.0,6.0,894908.0,1179862.0
523,1996,MISSISSIPPI,3.0,2.0,487988.0,397410.0
524,1996,MISSOURI,3.0,5.0,833190.0,1116201.0
525,1996,MONTANA,1.0,0.0,211975.0,174516.0
526,1996,NEBRASKA,3.0,0.0,450067.0,204432.0
527,1996,NEVADA,2.0,0.0,248782.0,172823.0
528,1996,NEW HAMPSHIRE,2.0,0.0,246896.0,221286.0
529,1996,NEW JERSEY,7.0,6.0,1398900.0,1351762.0
530,1996,NEW MEXICO,2.0,1.0,260961.0,271144.0
531,1996,NEW YORK,11.0,20.0,2038923.0,2918770.0
532,1996,NORTH CAROLINA,6.0,6.0,1339515.0,1135731.0
533,1996,NORTH DAKOTA,0.0,1.0,113684.0,144833.0
534,1996,OHIO,11.0,8.0,2192174.0,2033028.0
535,1996,OKLAHOMA,6.0,0.0,722998.0,430480.0
536,1996,OREGON,1.0,4.0,557525.0,724496.0
537,1996,PENNSYLVANIA,10.0,11.0,2037508.0,2222863.0
538,1996,RHODE ISLAND,0.0,2.0,107657.0,240608.0
539,1996,SOUTH CAROLINA,4.0,2.0,682563.0,345010.0
540,1996,SOUTH DAKOTA,1.0,0.0,186393.0,119547.0
541,1996,TENNESSEE,5.0,4.0,878640.0,847370.0
542,1996,TEXAS,7.0,13.0,1640758.0,1607756.0
543,1996,UTAH,3.0,0.0,386309.0,264327.0
544,1996,VERMONT,0.0,0.0,83021.0,23830.0
545,1996,VIRGINIA,5.0,6.0,1117187.0,1027020.0
546,1996,WASHINGTON,6.0,3.0,1020553.0,1129609.0
547,1996,WEST VIRGINIA,0.0,3.0,63933.0,458435.0
548,1996,WISCONSIN,4.0,5.0,1120819.0,1012327.0
549,1996,WYOMING,1.0,0.0,116004.0,85724.0
550,1998,ALABAMA,5.0,2.0,665625.0,545465.0
551,1998,ALASKA,1.0,0.0,139676.0,77232.0
552,1998,ARIZONA,5.0,1.0,573651.0,406834.0
553,1998,ARKANSAS,2.0,2.0,319863.0,168529.0
554,1998,CALIFORNIA,24.0,28.0,3508530.0,4038257.0
555,1998,COLORADO,4.0,2.0,715820.0,533297.0
556,1998,CONNECTICUT,2.0,4.0,442066.0,495557.0
557,1998,DELAWARE,1.0,0.0,119811.0,57446.0
558,1998,FLORIDA,15.0,8.0,557836.0,580609.0
559,1998,GEORGIA,8.0,3.0,1039711.0,592004.0
560,1998,HAWAII,0.0,2.0,119328.0,260947.0
561,1998,IDAHO,2.0,0.0,204568.0,169389.0
562,1998,ILLINOIS,10.0,10.0,1624558.0,1565998.0
563,1998,INDIANA,6.0,4.0,800910.0,673322.0
564,1998,IOWA,4.0,1.0,551767.0,338431.0
565,1998,KANSAS,3.0,1.0,450025.0,272252.0
566,1998,KENTUCKY,5.0,1.0,637091.0,456218.0
567,1998,LOUISIANA,5.0,2.0,97048.0,213151.0
568,1998,MAINE,0.0,2.0,124834.0,280537.0
569,1998,MARYLAND,4.0,4.0,668983.0,802081.0
570,1998,MASSACHUSETTS,0.0,10.0,412508.0,1306281.0
571,1998,MICHIGAN,6.0,10.0,1438283.0,1469111.0
572,1998,MINNESOTA,2.0,0.0,862972.0,0.0
573,1998,MISSISSIPPI,2.0,3.0,232415.0,262635.0
574,1998,MISSOURI,4.0,5.0,748432.0,787655.0
575,1998,MONTANA,1.0,0.0,175748.0,147073.0
576,1998,NEBRASKA,3.0,0.0,392736.0,104548.0
577,1998,NEVADA,1.0,1.0,275163.0,79315.0
578,1998,NEW HAMPSHIRE,2.0,0.0,190170.0,124000.0
579,1998,NEW JERSEY,6.0,7.0,858367.0,902374.0
580,1998,NEW MEXICO,2.0,1.0,246127.0,228084.0
581,1998,NEW YORK,13.0,18.0,1607117.0,2179943.0
582,1998,NORTH CAROLINA,7.0,5.0,1014010.0,827178.0
583,1998,NORTH DAKOTA,0.0,1.0,87511.0,119668.0
584,1998,OHIO,11.0,8.0,1752443.0,1593873.0
585,1998,OKLAHOMA,6.0,0.0,538194.0,314358.0
586,1998,OREGON,1.0,4.0,401501.0,631246.0
587,1998,PENNSYLVANIA,10.0,11.0,1472161.0,1380834.0
588,1998,RHODE ISLAND,0.0,2.0,76630.0,203705.0
589,1998,SOUTH CAROLINA,4.0,2.0,580051.0,370381.0
590,1998,SOUTH DAKOTA,1.0,0.0,194157.0,64433.0
591,1998,TENNESSEE,5.0,4.0,469551.0,412378.0
592,1998,TEXAS,13.0,17.0,1786731.0,1539123.0
593,1998,UTAH,3.0,0.0,304256.0,126505.0
594,1998,VERMONT,0.0,0.0,70740.0,0.0
595,1998,VIRGINIA,5.0,6.0,542216.0,514435.0
596,1998,WASHINGTON,4.0,5.0,818552.0,980157.0
597,1998,WEST VIRGINIA,0.0,3.0,29136.0,283272.0
598,1998,WISCONSIN,4.0,5.0,880320.0,761821.0
599,1998,WYOMING,1.0,0.0,100687.0,67399.0
600,2000,ALABAMA,5.0,2.0,849229.0,485660.0
601,2000,ALASKA,1.0,0.0,190862.0,45372.0
602,2000,ARIZONA,5.0,1.0,854715.0,557849.0
603,2000,ARKANSAS,1.0,3.0,277147.0,355366.0
604,2000,CALIFORNIA,20.0,32.0,4446295.0,5406623.0
605,2000,COLORADO,4.0,2.0,968651.0,496045.0
606,2000,CONNECTICUT,2.0,4.0,590689.0,699237.0
607,2000,DELAWARE,1.0,0.0,211797.0,96488.0
608,2000,FLORIDA,15.0,8.0,2851623.0,1976189.0
609,2000,GEORGIA,8.0,3.0,1498337.0,918085.0
610,2000,HAWAII,0.0,2.0,110895.0,221373.0
611,2000,IDAHO,2.0,0.0,332655.0,142345.0
612,2000,ILLINOIS,10.0,10.0,1907306.0,2453674.0
613,2000,INDIANA,6.0,4.0,1140554.0,953167.0
614,2000,IOWA,4.0,1.0,717322.0,531642.0
615,2000,KANSAS,3.0,1.0,655822.0,328194.0
616,2000,KENTUCKY,5.0,1.0,824915.0,561752.0
617,2000,LOUISIANA,5.0,2.0,747115.0,359669.0
618,2000,MAINE,0.0,2.0,203437.0,422606.0
619,2000,MARYLAND,4.0,4.0,856306.0,1060934.0
620,2000,MASSACHUSETTS,0.0,10.0,343498.0,1967942.0
621,2000,MICHIGAN,7.0,9.0,1786980.0,2177618.0
622,2000,MINNESOTA,3.0,0.0,993371.0,0.0
623,2000,MISSISSIPPI,2.0,3.0,468483.0,495687.0
624,2000,MISSOURI,5.0,4.0,1135724.0,1136020.0
625,2000,MONTANA,1.0,0.0,211418.0,189971.0
626,2000,NEBRASKA,3.0,0.0,486513.0,178071.0
627,2000,NEVADA,1.0,1.0,330884.0,224848.0
628,2000,NEW HAMPSHIRE,2.0,0.0,303190.0,238754.0
629,2000,NEW JERSEY,6.0,7.0,1384170.0,1532240.0
630,2000,NEW MEXICO,2.0,1.0,274017.0,299841.0
631,2000,NEW YORK,12.0,19.0,2235461.0,3051701.0
632,2000,NORTH CAROLINA,7.0,5.0,1514806.0,1193600.0
633,2000,NORTH DAKOTA,0.0,1.0,127251.0,151173.0
634,2000,OHIO,11.0,8.0,2235463.0,2098854.0
635,2000,OKLAHOMA,5.0,1.0,701820.0,336955.0
636,2000,OREGON,1.0,4.0,607098.0,790365.0
637,2000,PENNSYLVANIA,11.0,10.0,2229057.0,2279227.0
638,2000,RHODE ISLAND,0.0,2.0,89454.0,247247.0
639,2000,SOUTH CAROLINA,4.0,2.0,729803.0,523141.0
640,2000,SOUTH DAKOTA,1.0,0.0,231083.0,78321.0
641,2000,TENNESSEE,5.0,4.0,991984.0,819100.0
642,2000,TEXAS,13.0,17.0,2932411.0,2799051.0
643,2000,UTAH,2.0,1.0,426648.0,304797.0
644,2000,VERMONT,0.0,0.0,51977.0,14918.0
645,2000,VIRGINIA,6.0,4.0,1131999.0,1060484.0
646,2000,WASHINGTON,3.0,6.0,997877.0,1245872.0
647,2000,WEST VIRGINIA,1.0,2.0,108769.0,420784.0
648,2000,WISCONSIN,4.0,5.0,1311447.0,1187866.0
649,2000,WYOMING,1.0,0.0,141848.0,60638.0
650,2002,ALABAMA,5.0,2.0,694606.0,507117.0
651,2002,ALASKA,1.0,0.0,169685.0,39357.0
652,2002,ARIZONA,6.0,2.0,681922.0,472135.0
653,2002,ARKANSAS,1.0,3.0,283739.0,392086.0
654,2002,CALIFORNIA,20.0,33.0,3225666.0,3731081.0
655,2002,COLORADO,5.0,2.0,752998.0,589463.0
656,2002,CONNECTICUT,3.0,2.0,465982.0,509036.0
657,2002,DELAWARE,1.0,0.0,164605.0,61011.0
658,2002,FLORIDA,18.0,7.0,2161353.0,1537126.0
659,2002,GEORGIA,8.0,5.0,1104622.0,814295.0
660,2002,HAWAII,0.0,2.0,116693.0,232344.0
661,2002,IDAHO,2.0,0.0,256348.0,138038.0
662,2002,ILLINOIS,10.0,9.0,1657183.0,1740541.0
663,2002,INDIANA,6.0,3.0,840694.0,640568.0
664,2002,IOWA,4.0,1.0,546382.0,453550.0
665,2002,KANSAS,3.0,1.0,536026.0,259911.0
666,2002,KENTUCKY,5.0,1.0,693860.0,350924.0
667,2002,LOUISIANA,4.0,3.0,667702.0,390644.0
668,2002,MAINE,0.0,2.0,205780.0,289514.0
669,2002,MARYLAND,2.0,6.0,752911.0,904250.0
670,2002,MASSACHUSETTS,0.0,10.0,290484.0,1528634.0
671,2002,MICHIGAN,9.0,6.0,1474178.0,1507174.0
672,2002,MINNESOTA,4.0,0.0,1029612.0,0.0
673,2002,MISSISSIPPI,2.0,2.0,338817.0,320157.0
674,2002,MISSOURI,5.0,4.0,985905.0,829177.0
675,2002,MONTANA,1.0,0.0,214100.0,108233.0
676,2002,NEBRASKA,3.0,0.0,386869.0,46843.0
677,2002,NEVADA,2.0,1.0,301100.0,171160.0
678,2002,NEW HAMPSHIRE,2.0,0.0,254797.0,175905.0
679,2002,NEW JERSEY,6.0,7.0,933964.0,1030204.0
680,2002,NEW MEXICO,2.0,1.0,175342.0,262071.0
681,2002,NEW YORK,10.0,19.0,1525771.0,1777688.0
682,2002,NORTH CAROLINA,7.0,6.0,1209033.0,970716.0
683,2002,NORTH DAKOTA,0.0,1.0,109957.0,121073.0
684,2002,OHIO,12.0,6.0,1775555.0,1331614.0
685,2002,OKLAHOMA,4.0,1.0,546832.0,391927.0
686,2002,OREGON,1.0,4.0,528997.0,676920.0
687,2002,PENNSYLVANIA,12.0,7.0,1859270.0,1348665.0
688,2002,RHODE ISLAND,0.0,2.0,97137.0,224676.0
689,2002,SOUTH CAROLINA,4.0,2.0,569267.0,344972.0
690,2002,SOUTH DAKOTA,1.0,0.0,180023.0,153551.0
691,2002,TENNESSEE,4.0,5.0,770510.0,708375.0
692,2002,TEXAS,15.0,17.0,2290723.0,1885178.0
693,2002,UTAH,2.0,1.0,321986.0,221401.0
694,2002,VERMONT,0.0,0.0,72813.0,0.0
695,2002,VIRGINIA,8.0,3.0,955673.0,440478.0
696,2002,WASHINGTON,3.0,6.0,778922.0,907440.0
697,2002,WEST VIRGINIA,1.0,2.0,135505.0,264124.0
698,2002,WISCONSIN,4.0,4.0,889146.0,676925.0
699,2002,WYOMING,1.0,0.0,110229.0,65961.0
700,2004,ALABAMA,5.0,2.0,1079657.0,708425.0
701,2004,ALASKA,1.0,0.0,213216.0,67074.0
702,2004,ARIZONA,6.0,2.0,1127591.0,597526.0
703,2004,ARKANSAS,1.0,3.0,357840.0,426381.0
704,2004,CALIFORNIA,20.0,33.0,5030821.0,6223698.0
705,2004,COLORADO,4.0,3.0,991835.0,995283.0
706,2004,CONNECTICUT,3.0,2.0,629934.0,785747.0
707,2004,DELAWARE,1.0,0.0,245978.0,105716.0
708,2004,FLORIDA,18.0,7.0,3319299.0,2212326.0
709,2004,GEORGIA,7.0,6.0,1819817.0,1140869.0
710,2004,HAWAII,0.0,2.0,148443.0,261884.0
711,2004,IDAHO,2.0,0.0,401366.0,171060.0
712,2004,ILLINOIS,9.0,10.0,2271676.0,2675273.0
713,2004,INDIANA,7.0,2.0,1381699.0,999082.0
714,2004,IOWA,4.0,1.0,822653.0,624620.0
715,2004,KANSAS,3.0,1.0,723794.0,386970.0
716,2004,KENTUCKY,5.0,1.0,1017379.0,602085.0
717,2004,LOUISIANA,5.0,2.0,780434.0,478182.0
718,2004,MAINE,0.0,2.0,283210.0,418380.0
719,2004,MARYLAND,2.0,6.0,896232.0,1310870.0
720,2004,MASSACHUSETTS,0.0,10.0,435239.0,2059984.0
721,2004,MICHIGAN,9.0,6.0,2288594.0,2242435.0
722,2004,MINNESOTA,4.0,0.0,1236094.0,0.0
723,2004,MISSISSIPPI,2.0,2.0,658589.0,334605.0
724,2004,MISSOURI,5.0,4.0,1429767.0,1192674.0
725,2004,MONTANA,1.0,0.0,286076.0,145606.0
726,2004,NEBRASKA,3.0,0.0,515115.0,230697.0
727,2004,NEVADA,2.0,1.0,420711.0,333912.0
728,2004,NEW HAMPSHIRE,2.0,0.0,396024.0,243506.0
729,2004,NEW JERSEY,6.0,7.0,1514784.0,1721392.0
730,2004,NEW MEXICO,2.0,1.0,357805.0,384900.0
731,2004,NEW YORK,9.0,20.0,2209291.0,3457124.0
732,2004,NORTH CAROLINA,7.0,6.0,1743131.0,1669864.0
733,2004,NORTH DAKOTA,0.0,1.0,125684.0,185130.0
734,2004,OHIO,12.0,6.0,2650122.0,2514613.0
735,2004,OKLAHOMA,4.0,1.0,875033.0,389029.0
736,2004,OREGON,1.0,4.0,761545.0,951688.0
737,2004,PENNSYLVANIA,12.0,7.0,2565077.0,2478239.0
738,2004,RHODE ISLAND,0.0,2.0,112958.0,279315.0
739,2004,SOUTH CAROLINA,4.0,2.0,913168.0,486479.0
740,2004,SOUTH DAKOTA,0.0,1.0,178823.0,207837.0
741,2004,TENNESSEE,4.0,5.0,1160821.0,1031959.0
742,2004,TEXAS,21.0,11.0,4022321.0,2713968.0
743,2004,UTAH,2.0,1.0,520403.0,361628.0
744,2004,VERMONT,0.0,0.0,74271.0,21684.0
745,2004,VIRGINIA,8.0,3.0,1817422.0,1023187.0
746,2004,WASHINGTON,3.0,6.0,1095493.0,1608751.0
747,2004,WEST VIRGINIA,1.0,2.0,303042.0,415396.0
748,2004,WISCONSIN,4.0,4.0,1380819.0,1368537.0
749,2004,WYOMING,1.0,0.0,132107.0,99989.0
750,2006,ALABAMA,5.0,2.0,627501.0,502046.0
751,2006,ALASKA,1.0,0.0,132743.0,93879.0
752,2006,ARIZONA,4.0,4.0,771246.0,627259.0
753,2006,ARKANSAS,1.0,3.0,306442.0,456569.0
754,2006,CALIFORNIA,19.0,34.0,3314398.0,4720164.0
755,2006,COLORADO,3.0,4.0,623792.0,832888.0
756,2006,CONNECTICUT,1.0,4.0,419895.0,648653.0
757,2006,DELAWARE,1.0,0.0,143897.0,97565.0
758,2006,FLORIDA,16.0,9.0,2182833.0,1599973.0
759,2006,GEORGIA,7.0,6.0,1138048.0,932143.0
760,2006,HAWAII,0.0,2.0,118134.0,219810.0
761,2006,IDAHO,2.0,0.0,248105.0,177376.0
762,2006,ILLINOIS,9.0,10.0,1442526.0,1986431.0
763,2006,INDIANA,4.0,5.0,831785.0,812496.0
764,2006,IOWA,2.0,3.0,522388.0,492937.0
765,2006,KANSAS,2.0,2.0,459267.0,369191.0
766,2006,KENTUCKY,4.0,2.0,611780.0,601723.0
767,2006,LOUISIANA,5.0,2.0,579702.0,309279.0
768,2006,MAINE,0.0,2.0,163165.0,350721.0
769,2006,MARYLAND,2.0,6.0,546862.0,1099441.0
770,2006,MASSACHUSETTS,0.0,10.0,198550.0,1632307.0
771,2006,MICHIGAN,9.0,6.0,1624865.0,1923485.0
772,2006,MINNESOTA,3.0,3.0,924636.0,531930.0
773,2006,MISSISSIPPI,2.0,2.0,304308.0,260330.0
774,2006,MISSOURI,5.0,4.0,1049346.0,992258.0
775,2006,MONTANA,1.0,0.0,239124.0,158916.0
776,2006,NEBRASKA,3.0,0.0,334177.0,261910.0
777,2006,NEVADA,2.0,1.0,260317.0,287879.0
778,2006,NEW HAMPSHIRE,0.0,2.0,189615.0,209434.0
779,2006,NEW JERSEY,6.0,7.0,903176.0,1207782.0
780,2006,NEW MEXICO,2.0,1.0,247825.0,313124.0
781,2006,NEW YORK,4.0,25.0,1160460.0,2537778.0
782,2006,NORTH CAROLINA,6.0,7.0,913893.0,1026915.0
783,2006,NORTH DAKOTA,0.0,1.0,74687.0,142934.0
784,2006,OHIO,11.0,7.0,1870390.0,2081737.0
785,2006,OKLAHOMA,4.0,1.0,518025.0,372888.0
786,2006,OREGON,1.0,4.0,557491.0,765853.0
787,2006,PENNSYLVANIA,8.0,11.0,1732163.0,2229091.0
788,2006,RHODE ISLAND,0.0,2.0,41836.0,264949.0
789,2006,SOUTH CAROLINA,4.0,2.0,599615.0,472719.0
790,2006,SOUTH DAKOTA,0.0,1.0,97864.0,230468.0
791,2006,TENNESSEE,4.0,5.0,799547.0,860861.0
792,2006,TEXAS,18.0,10.0,1901725.0,1540755.0
793,2006,UTAH,2.0,1.0,292235.0,244483.0
794,2006,VERMONT,0.0,1.0,117023.0,139815.0
795,2006,VIRGINIA,8.0,3.0,1222790.0,947103.0
796,2006,WASHINGTON,3.0,6.0,798005.0,1244095.0
797,2006,WEST VIRGINIA,1.0,2.0,190893.0,263822.0
798,2006,WISCONSIN,3.0,5.0,1040071.0,1003156.0
799,2006,WYOMING,1.0,0.0,93336.0,92324.0
800,2008,ALABAMA,4.0,3.0,1120903.0,718367.0
801,2008,ALASKA,1.0,0.0,158939.0,142560.0
802,2008,ARIZONA,3.0,5.0,1021798.0,1055305.0
803,2008,ARKANSAS,1.0,3.0,215196.0,415482.0
804,2008,CALIFORNIA,19.0,34.0,4515372.0,7377725.0
805,2008,COLORADO,2.0,5.0,990836.0,1259723.0
806,2008,CONNECTICUT,0.0,5.0,504785.0,908761.0
807,2008,DELAWARE,1.0,0.0,235437.0,146434.0
808,2008,FLORIDA,15.0,10.0,3792167.0,3434833.0
809,2008,GEORGIA,7.0,6.0,1796549.0,1858090.0
810,2008,HAWAII,0.0,2.0,82540.0,319956.0
811,2008,IDAHO,1.0,1.0,377464.0,259776.0
812,2008,ILLINOIS,7.0,12.0,1961173.0,3176203.0
813,2008,INDIANA,4.0,5.0,1240577.0,1388963.0
814,2008,IOWA,2.0,3.0,698241.0,759460.0
815,2008,KANSAS,3.0,1.0,690005.0,470031.0
816,2008,KENTUCKY,4.0,2.0,955182.0,761209.0
817,2008,LOUISIANA,6.0,1.0,594307.0,398475.0
818,2008,MAINE,0.0,2.0,278198.0,431903.0
819,2008,MARYLAND,1.0,7.0,762539.0,1677238.0
820,2008,MASSACHUSETTS,0.0,10.0,318461.0,2245778.0
821,2008,MICHIGAN,7.0,8.0,2114293.0,2516640.0
822,2008,MINNESOTA,3.0,0.0,1069015.0,0.0
823,2008,MISSISSIPPI,1.0,3.0,527330.0,731805.0
824,2008,MISSOURI,5.0,4.0,1313018.0,1413016.0
825,2008,MONTANA,1.0,0.0,308470.0,155930.0
826,2008,NEBRASKA,3.0,0.0,510513.0,264885.0
827,2008,NEVADA,1.0,2.0,383548.0,457320.0
828,2008,NEW HAMPSHIRE,0.0,2.0,294560.0,364767.0
829,2008,NEW JERSEY,5.0,8.0,1461820.0,1911827.0
830,2008,NEW MEXICO,0.0,3.0,321083.0,457135.0
831,2008,NEW YORK,3.0,26.0,1800093.0,4006436.0
832,2008,NORTH CAROLINA,5.0,8.0,1901517.0,2293971.0
833,2008,NORTH DAKOTA,0.0,1.0,119388.0,194577.0
834,2008,OHIO,8.0,10.0,2491498.0,2752111.0
835,2008,OKLAHOMA,4.0,1.0,802530.0,503614.0
836,2008,OREGON,1.0,4.0,435920.0,1036171.0
837,2008,PENNSYLVANIA,7.0,12.0,2520755.0,3209168.0
838,2008,RHODE ISLAND,0.0,2.0,118773.0,303670.0
839,2008,SOUTH CAROLINA,4.0,2.0,939703.0,919529.0
840,2008,SOUTH DAKOTA,0.0,1.0,122966.0,256041.0
841,2008,TENNESSEE,4.0,5.0,977677.0,1195542.0
842,2008,TEXAS,20.0,12.0,4203917.0,2979398.0
843,2008,UTAH,2.0,1.0,503917.0,393761.0
844,2008,VERMONT,0.0,1.0,0.0,248203.0
845,2008,VIRGINIA,5.0,6.0,1590687.0,1852788.0
846,2008,WASHINGTON,3.0,6.0,1189147.0,1725316.0
847,2008,WEST VIRGINIA,1.0,2.0,213339.0,432075.0
848,2008,WISCONSIN,3.0,5.0,1274987.0,1383536.0
849,2008,WYOMING,1.0,0.0,131244.0,106758.0
850,2010,ALABAMA,6.0,1.0,914445.0,418957.0
851,2010,ALASKA,1.0,0.0,175384.0,77606.0
852,2010,ARIZONA,5.0,3.0,900510.0,711837.0
853,2010,ARKANSAS,3.0,1.0,435422.0,317975.0
854,2010,CALIFORNIA,19.0,34.0,4195494.0,5148828.0
855,2010,COLORADO,4.0,3.0,884032.0,800900.0
856,2010,CONNECTICUT,0.0,5.0,457976.0,634947.0
857,2010,DELAWARE,0.0,1.0,125442.0,173543.0
858,2010,FLORIDA,19.0,6.0,3004616.0,1853600.0
859,2010,GEORGIA,8.0,5.0,1528142.0,940347.0
860,2010,HAWAII,0.0,2.0,129127.0,226430.0
861,2010,IDAHO,2.0,0.0,263699.0,150884.0
862,2010,ILLINOIS,11.0,8.0,1720016.0,1876316.0
863,2010,INDIANA,6.0,3.0,972671.0,679462.0
864,2010,IOWA,2.0,3.0,597414.0,479874.0
865,2010,KANSAS,4.0,0.0,528136.0,274992.0
866,2010,KENTUCKY,4.0,2.0,844369.0,506319.0
867,2010,LOUISIANA,6.0,1.0,675387.0,311221.0
868,2010,MAINE,0.0,2.0,248170.0,316156.0
869,2010,MARYLAND,2.0,6.0,674246.0,1104056.0
870,2010,MASSACHUSETTS,0.0,10.0,808305.0,1335738.0
871,2010,MICHIGAN,9.0,6.0,1671707.0,1415212.0
872,2010,MINNESOTA,4.0,4.0,970741.0,676131.0
873,2010,MISSISSIPPI,3.0,1.0,423579.0,350695.0
874,2010,MISSOURI,6.0,3.0,1103290.0,708064.0
875,2010,MONTANA,1.0,0.0,217696.0,121954.0
876,2010,NEBRASKA,3.0,0.0,327986.0,137524.0
877,2010,NEVADA,2.0,1.0,357369.0,317835.0
878,2010,NEW HAMPSHIRE,2.0,0.0,230265.0,200563.0
879,2010,NEW JERSEY,6.0,7.0,1055299.0,1024730.0
880,2010,NEW MEXICO,1.0,2.0,288885.0,307766.0
881,2010,NEW YORK,4.0,25.0,1612724.0,2600900.0
882,2010,NORTH CAROLINA,6.0,7.0,1440913.0,1204635.0
883,2010,NORTH DAKOTA,1.0,0.0,129802.0,106542.0
884,2010,OHIO,13.0,5.0,2053075.0,1611112.0
885,2010,OKLAHOMA,4.0,1.0,519563.0,221966.0
886,2010,OREGON,1.0,4.0,657007.0,733369.0
887,2010,PENNSYLVANIA,12.0,7.0,2034145.0,1882202.0
888,2010,RHODE ISLAND,0.0,2.0,126951.0,185711.0
889,2010,SOUTH CAROLINA,5.0,1.0,753932.0,537323.0
890,2010,SOUTH DAKOTA,1.0,0.0,153703.0,146589.0
891,2010,TENNESSEE,7.0,2.0,955078.0,541527.0
892,2010,TEXAS,23.0,9.0,3058203.0,1450150.0
893,2010,UTAH,2.0,1.0,390969.0,218236.0
894,2010,VERMONT,0.0,1.0,76403.0,154006.0
895,2010,VIRGINIA,8.0,3.0,1186098.0,911116.0
896,2010,WASHINGTON,4.0,5.0,1135166.0,1296502.0
897,2010,WEST VIRGINIA,2.0,1.0,283085.0,227857.0
898,2010,WISCONSIN,5.0,3.0,1165761.0,938690.0
899,2010,WYOMING,1.0,0.0,131661.0,45768.0
900,2012,ALABAMA,6.0,1.0,1233624.0,693498.0
901,2012,ALASKA,1.0,0.0,185296.0,82927.0
902,2012,ARIZONA,4.0,5.0,1131663.0,946994.0
903,2012,ARKANSAS,4.0,0.0,637591.0,304770.0
904,2012,CALIFORNIA,15.0,38.0,4530012.0,7392703.0
905,2012,COLORADO,4.0,3.0,1143796.0,1080153.0
906,2012,CONNECTICUT,0.0,5.0,490580.0,884398.0
907,2012,DELAWARE,0.0,1.0,129757.0,249933.0
908,2012,FLORIDA,17.0,10.0,3826523.0,3392403.0
909,2012,GEORGIA,9.0,5.0,2104098.0,1448869.0
910,2012,HAWAII,0.0,2.0,137531.0,285008.0
911,2012,IDAHO,2.0,0.0,406814.0,208297.0
912,2012,ILLINOIS,6.0,12.0,2207818.0,2743702.0
913,2012,INDIANA,7.0,2.0,1351760.0,1142554.0
914,2012,IOWA,2.0,2.0,726505.0,772387.0
915,2012,KANSAS,4.0,0.0,740981.0,195505.0
916,2012,KENTUCKY,5.0,1.0,1027582.0,684744.0
917,2012,LOUISIANA,5.0,1.0,1143027.0,359190.0
918,2012,MAINE,0.0,2.0,265982.0,427819.0
919,2012,MARYLAND,1.0,7.0,858406.0,1641730.0
920,2012,MASSACHUSETTS,0.0,9.0,697637.0,2080594.0
921,2012,MICHIGAN,9.0,5.0,2086804.0,2327985.0
922,2012,MINNESOTA,3.0,4.0,1210409.0,869789.0
923,2012,MISSISSIPPI,3.0,1.0,703635.0,411398.0
924,2012,MISSOURI,6.0,2.0,1463586.0,1119554.0
925,2012,MONTANA,1.0,0.0,255468.0,204939.0
926,2012,NEBRASKA,3.0,0.0,496276.0,276239.0
927,2012,NEVADA,2.0,2.0,457239.0,453310.0
928,2012,NEW HAMPSHIRE,0.0,2.0,311636.0,340925.0
929,2012,NEW JERSEY,6.0,6.0,1430325.0,1794301.0
930,2012,NEW MEXICO,1.0,2.0,343269.0,422189.0
931,2012,NEW YORK,5.0,22.0,1947575.0,3897953.0
932,2012,NORTH CAROLINA,9.0,4.0,2137167.0,2218357.0
933,2012,NORTH DAKOTA,1.0,0.0,173585.0,0.0
934,2012,OHIO,12.0,4.0,2620233.0,2412385.0
935,2012,OKLAHOMA,5.0,0.0,856872.0,410324.0
936,2012,OREGON,1.0,4.0,687839.0,949660.0
937,2012,PENNSYLVANIA,13.0,5.0,2710070.0,2793538.0
938,2012,RHODE ISLAND,0.0,2.0,161926.0,232679.0
939,2012,SOUTH CAROLINA,6.0,1.0,1026129.0,714191.0
940,2012,SOUTH DAKOTA,1.0,0.0,207640.0,153789.0
941,2012,TENNESSEE,7.0,2.0,1369562.0,796513.0
942,2012,TEXAS,24.0,12.0,4429270.0,2949900.0
943,2012,UTAH,3.0,1.0,647873.0,324309.0
944,2012,VERMONT,0.0,1.0,67543.0,208600.0
945,2012,VIRGINIA,8.0,3.0,1876761.0,1806025.0
946,2012,WASHINGTON,4.0,6.0,1369540.0,1636726.0
947,2012,WEST VIRGINIA,2.0,1.0,384253.0,257101.0
948,2012,WISCONSIN,5.0,3.0,1401995.0,1445015.0
949,2012,WYOMING,1.0,0.0,166452.0,57573.0
950,2014,ALABAMA,6.0,1.0,704533.0,331764.0
951,2014,ALASKA,1.0,0.0,142572.0,114602.0
952,2014,ARIZONA,5.0,4.0,817168.0,577943.0
953,2014,ARKANSAS,4.0,0.0,509631.0,254774.0
954,2014,CALIFORNIA,14.0,39.0,2950679.0,4067737.0
955,2014,COLORADO,4.0,3.0,1000197.0,936417.0
956,2014,CONNECTICUT,0.0,5.0,409513.0,596390.0
957,2014,DELAWARE,0.0,1.0,85146.0,137251.0
958,2014,FLORIDA,17.0,10.0,2713454.0,2130627.0
959,2014,GEORGIA,10.0,4.0,1349076.0,956361.0
960,2014,HAWAII,0.0,2.0,120084.0,235400.0
961,2014,IDAHO,2.0,0.0,275072.0,160078.0
962,2014,ILLINOIS,8.0,10.0,1721865.0,1822779.0
963,2014,INDIANA,7.0,2.0,788762.0,502104.0
964,2014,IOWA,3.0,1.0,595865.0,509189.0
965,2014,KANSAS,4.0,0.0,540756.0,311530.0
966,2014,KENTUCKY,5.0,1.0,887157.0,508151.0
967,2014,LOUISIANA,5.0,1.0,1031270.0,406186.0
968,2014,MAINE,1.0,1.0,228071.0,305242.0
969,2014,MARYLAND,1.0,7.0,704400.0,978267.0
970,2014,MASSACHUSETTS,0.0,9.0,308598.0,1475442.0
971,2014,MICHIGAN,9.0,5.0,1466749.0,1519030.0
972,2014,MINNESOTA,3.0,2.0,913539.0,296169.0
973,2014,MISSISSIPPI,3.0,1.0,329169.0,230014.0
974,2014,MISSOURI,6.0,2.0,838283.0,513600.0
975,2014,MONTANA,1.0,0.0,203871.0,148690.0
976,2014,NEBRASKA,2.0,1.0,340816.0,185234.0
977,2014,NEVADA,3.0,1.0,304809.0,210147.0
978,2014,NEW HAMPSHIRE,1.0,1.0,232379.0,247469.0
979,2014,NEW JERSEY,6.0,6.0,877265.0,914172.0
980,2014,NEW MEXICO,1.0,2.0,240542.0,271222.0
981,2014,NEW YORK,9.0,18.0,1257412.0,1788105.0
982,2014,NORTH CAROLINA,10.0,3.0,1555364.0,1234027.0
983,2014,NORTH DAKOTA,1.0,0.0,138100.0,0.0
984,2014,OHIO,12.0,4.0,1770923.0,1179587.0
985,2014,OKLAHOMA,5.0,0.0,457614.0,174022.0
986,2014,OREGON,1.0,4.0,582909.0,778139.0
987,2014,PENNSYLVANIA,13.0,5.0,1833205.0,1467594.0
988,2014,RHODE ISLAND,0.0,2.0,122721.0,192776.0
989,2014,SOUTH CAROLINA,6.0,1.0,734456.0,377025.0
990,2014,SOUTH DAKOTA,1.0,0.0,183834.0,92485.0
991,2014,TENNESSEE,7.0,2.0,848846.0,448421.0
992,2014,TEXAS,25.0,11.0,2684592.0,1474016.0
993,2014,UTAH,4.0,0.0,351034.0,183491.0
994,2014,VERMONT,0.0,1.0,59432.0,123349.0
995,2014,VIRGINIA,8.0,3.0,1143747.0,845939.0
996,2014,WASHINGTON,4.0,6.0,981853.0,1047747.0
997,2014,WEST VIRGINIA,3.0,0.0,242823.0,182484.0
998,2014,WISCONSIN,5.0,3.0,1233341.0,1102581.0
999,2014,WYOMING,1.0,0.0,113038.0,37803.0
1000,2016,ALABAMA,6.0,1.0,1222018.0,621911.0
1001,2016,ALASKA,1.0,0.0,155088.0,111019.0
1002,2016,ARIZONA,5.0,4.0,1264785.0,1034687.0
1003,2016,ARKANSAS,4.0,0.0,760415.0,111347.0
1004,2016,CALIFORNIA,14.0,39.0,4682033.0,8624432.0
1005,2016,COLORADO,4.0,3.0,1288618.0,1263791.0
1006,2016,CONNECTICUT,0.0,5.0,558162.0,916815.0
1007,2016,DELAWARE,0.0,1.0,172301.0,233554.0
1008,2016,FLORIDA,16.0,11.0,4733630.0,3985050.0
1009,2016,GEORGIA,10.0,4.0,2272460.0,1498437.0
1010,2016,HAWAII,0.0,2.0,85626.0,316265.0
1011,2016,IDAHO,2.0,0.0,447544.0,208992.0
1012,2016,ILLINOIS,7.0,11.0,2397436.0,2810536.0
1013,2016,INDIANA,7.0,2.0,1442989.0,1052901.0
1014,2016,IOWA,3.0,1.0,813153.0,673969.0
1015,2016,KANSAS,4.0,0.0,694240.0,317635.0
1016,2016,KENTUCKY,5.0,1.0,1248140.0,516904.0
1017,2016,LOUISIANA,5.0,1.0,1177543.0,530050.0
1018,2016,MAINE,1.0,1.0,357447.0,386627.0
1019,2016,MARYLAND,1.0,7.0,962088.0,1636200.0
1020,2016,MASSACHUSETTS,0.0,9.0,451121.0,2344518.0
1021,2016,MICHIGAN,9.0,5.0,2243402.0,2193980.0
1022,2016,MINNESOTA,3.0,5.0,1334679.0,974996.0
1023,2016,MISSISSIPPI,3.0,1.0,680810.0,449896.0
1024,2016,MISSOURI,6.0,2.0,1600524.0,1041306.0
1025,2016,MONTANA,1.0,0.0,285358.0,205919.0
1026,2016,NEBRASKA,3.0,0.0,557557.0,221069.0
1027,2016,NEVADA,1.0,3.0,498104.0,508113.0
1028,2016,NEW HAMPSHIRE,0.0,2.0,316001.0,336451.0
1029,2016,NEW JERSEY,5.0,7.0,1541631.0,1821620.0
1030,2016,NEW MEXICO,1.0,2.0,343124.0,436932.0
1031,2016,NEW YORK,9.0,18.0,2140917.0,4202200.0
1032,2016,NORTH CAROLINA,10.0,3.0,2447326.0,2142661.0
1033,2016,NORTH DAKOTA,1.0,0.0,233980.0,80377.0
1034,2016,OHIO,12.0,4.0,2996017.0,2154523.0
1035,2016,OKLAHOMA,5.0,0.0,781692.0,305222.0
1036,2016,OREGON,1.0,4.0,730894.0,1026851.0
1037,2016,PENNSYLVANIA,13.0,5.0,3096576.0,2625157.0
1038,2016,RHODE ISLAND,0.0,2.0,141324.0,263642.0
1039,2016,SOUTH CAROLINA,6.0,1.0,1177365.0,767627.0
1040,2016,SOUTH DAKOTA,1.0,0.0,237163.0,132810.0
1041,2016,TENNESSEE,7.0,2.0,1493740.0,814181.0
1042,2016,TEXAS,25.0,11.0,4877605.0,3160535.0
1043,2016,UTAH,4.0,0.0,710635.0,356287.0
1044,2016,VERMONT,0.0,1.0,0.0,264414.0
1045,2016,VIRGINIA,7.0,4.0,1843010.0,1859426.0
1046,2016,WASHINGTON,4.0,6.0,1404890.0,1736145.0
1047,2016,WEST VIRGINIA,3.0,0.0,445017.0,224449.0
1048,2016,WISCONSIN,5.0,3.0,1270279.0,1379996.0
1049,2016,WYOMING,1.0,0.0,156176.0,75466.0
1050,2018,ALABAMA,6.0,1.0,975737.0,678687.0
1051,2018,ALASKA,1.0,0.0,149779.0,131199.0
1052,2018,ARIZONA,4.0,5.0,1139251.0,1179193.0
1053,2018,ARKANSAS,4.0,0.0,556339.0,312978.0
1054,2018,CALIFORNIA,7.0,46.0,3973396.0,8010445.0
1055,2018,COLORADO,3.0,4.0,1079772.0,1343211.0
1056,2018,CONNECTICUT,0.0,5.0,512495.0,808652.0
1057,2018,DELAWARE,0.0,1.0,125384.0,227353.0
1058,2018,FLORIDA,14.0,13.0,3675417.0,3307232.0
1059,2018,GEORGIA,9.0,5.0,1987191.0,1814469.0
1060,2018,HAWAII,0.0,2.0,87348.0,287921.0
1061,2018,IDAHO,2.0,0.0,367993.0,207303.0
1062,2018,ILLINOIS,5.0,13.0,1754449.0,2757540.0
1063,2018,INDIANA,7.0,2.0,1247978.0,1000104.0
1064,2018,IOWA,1.0,3.0,612338.0,664676.0
1065,2018,KANSAS,3.0,1.0,563190.0,464380.0
1066,2018,KENTUCKY,5.0,1.0,935304.0,612977.0
1067,2018,LOUISIANA,5.0,1.0,835715.0,553184.0
1068,2018,MAINE,0.0,2.0,247514.0,340426.0
1069,2018,MARYLAND,1.0,7.0,737906.0,1493047.0
1070,2018,MASSACHUSETTS,0.0,9.0,497953.0,1943597.0
1071,2018,MICHIGAN,7.0,7.0,1853459.0,2175003.0
1072,2018,MINNESOTA,3.0,0.0,1125533.0,0.0
1073,2018,MISSISSIPPI,3.0,1.0,471162.0,398770.0
1074,2018,MISSOURI,6.0,2.0,1330975.0,1027969.0
1075,2018,MONTANA,1.0,0.0,256661.0,233284.0
1076,2018,NEBRASKA,3.0,0.0,432077.0,264493.0
1077,2018,NEVADA,1.0,3.0,439727.0,491272.0
1078,2018,NEW HAMPSHIRE,0.0,2.0,248986.0,311242.0
1079,2018,NEW JERSEY,1.0,11.0,1198664.0,1856819.0
1080,2018,NEW MEXICO,0.0,3.0,264701.0,404026.0
1081,2018,NEW YORK,3.0,24.0,1639593.0,3760566.0
1082,2018,NORTH CAROLINA,10.0,3.0,1846041.0,1771061.0
1083,2018,NORTH DAKOTA,1.0,0.0,193568.0,0.0
1084,2018,OHIO,12.0,4.0,2291333.0,2082684.0
1085,2018,OKLAHOMA,4.0,1.0,730531.0,428452.0
1086,2018,OREGON,1.0,4.0,702531.0,1061412.0
1087,2018,PENNSYLVANIA,9.0,9.0,2206260.0,2712665.0
1088,2018,RHODE ISLAND,0.0,2.0,129838.0,242575.0
1089,2018,SOUTH CAROLINA,5.0,2.0,927494.0,758340.0
1090,2018,SOUTH DAKOTA,1.0,0.0,202446.0,120816.0
1091,2018,TENNESSEE,7.0,2.0,1279655.0,846450.0
1092,2018,TEXAS,23.0,13.0,4135359.0,3852752.0
1093,2018,UTAH,3.0,1.0,617307.0,374009.0
1094,2018,VERMONT,0.0,1.0,70705.0,188547.0
1095,2018,VIRGINIA,4.0,7.0,1408701.0,1867061.0
1096,2018,WASHINGTON,3.0,7.0,1048712.0,1888593.0
1097,2018,WEST VIRGINIA,3.0,0.0,337146.0,234568.0
1098,2018,WISCONSIN,5.0,3.0,1172964.0,1367492.0
1099,2018,WYOMING,1.0,0.0,127963.0,59903.0
1100,2020,ALABAMA,6.0,1.0,1416012.0,608809.0
1101,2020,ALASKA,1.0,0.0,192126.0,159856.0
1102,2020,ARIZONA,4.0,5.0,1638516.0,1629318.0
1103,2020,ARKANSAS,4.0,0.0,828266.0,330485.0
1104,2020,CALIFORNIA,11.0,42.0,5640667.0,11084234.0
1105,2020,COLORADO,3.0,4.0,1378248.0,1679052.0
1106,2020,CONNECTICUT,0.0,5.0,676650.0,1022792.0
1107,2020,DELAWARE,0.0,1.0,196392.0,281382.0
1108,2020,DISTRICT OF COLUMBIA,0.0,1.0,0.0,299388.0
1109,2020,FLORIDA,16.0,11.0,5469163.0,4942287.0
1110,2020,GEORGIA,8.0,6.0,2490396.0,2393089.0
1111,2020,HAWAII,0.0,2.0,155215.0,354762.0
1112,2020,IDAHO,2.0,0.0,561405.0,255531.0
1113,2020,ILLINOIS,5.0,13.0,2416929.0,3355487.0
1114,2020,INDIANA,7.0,2.0,1738745.0,1194901.0
1115,2020,IOWA,3.0,1.0,859418.0,762271.0
1116,2020,KANSAS,3.0,1.0,775898.0,557258.0
1117,2020,KENTUCKY,5.0,1.0,1363964.0,735419.0
1118,2020,LOUISIANA,5.0,1.0,1369788.0,727402.0
1119,2020,MAINE,0.0,2.0,340236.0,468978.0
1120,2020,MARYLAND,1.0,7.0,1028150.0,1912740.0
1121,2020,MASSACHUSETTS,0.0,9.0,699001.0,2482596.0
1122,2020,MICHIGAN,7.0,7.0,2617881.0,2688527.0
1123,2020,MINNESOTA,4.0,4.0,1474820.0,1097777.0
1124,2020,MISSISSIPPI,3.0,1.0,806832.0,421014.0
1125,2020,MISSOURI,6.0,2.0,1723982.0,1172135.0
1126,2020,MONTANA,1.0,0.0,339169.0,262340.0
1127,2020,NEBRASKA,3.0,0.0,585234.0,326018.0
1128,2020,NEVADA,1.0,3.0,633827.0,665526.0
1129,2020,NEW HAMPSHIRE,0.0,2.0,354045.0,413895.0
1130,2020,NEW JERSEY,2.0,10.0,1843047.0,2539128.0
1131,2020,NEW MEXICO,1.0,2.0,407786.0,495781.0
1132,2020,NEW YORK,8.0,19.0,2696821.0,4728613.0
1133,2020,NORTH CAROLINA,8.0,5.0,2631336.0,2660535.0
1134,2020,NORTH DAKOTA,1.0,0.0,245229.0,0.0
1135,2020,OHIO,12.0,4.0,3252887.0,2451500.0
1136,2020,OKLAHOMA,5.0,0.0,1044175.0,475731.0
1137,2020,OREGON,1.0,4.0,966786.0,1285339.0
1138,2020,PENNSYLVANIA,9.0,9.0,3432595.0,3346712.0
1139,2020,RHODE ISLAND,0.0,2.0,109894.0,312636.0
1140,2020,SOUTH CAROLINA,6.0,1.0,1412684.0,1076799.0
1141,2020,SOUTH DAKOTA,1.0,0.0,321984.0,0.0
1142,2020,TENNESSEE,7.0,2.0,1685255.0,1105537.0
1143,2020,TEXAS,23.0,13.0,5926712.0,4896673.0
1144,2020,UTAH,4.0,0.0,873347.0,505946.0
1145,2020,VERMONT,0.0,1.0,95830.0,238827.0
1146,2020,VIRGINIA,4.0,7.0,2047635.0,2253974.0
1147,2020,WASHINGTON,3.0,7.0,1545436.0,2340356.0
1148,2020,WEST VIRGINIA,3.0,0.0,514268.0,246903.0
1149,2020,WISCONSIN,5.0,3.0,1661399.0,1566671.0
1150,2020,WYOMING,1.0,0.0,185732.0,66576.0
1151,2022,ALABAMA,6.0,1.0,942393.0,318540.0
1152,2022,ARIZONA,6.0,3.0,1324961.0,1004462.0
1153,2022,ARKANSAS,4.0,0.0,598000.0,271771.0
1154,2022,CALIFORNIA,12.0,40.0,3859666.0,6743737.0
1155,2022,COLORADO,3.0,5.0,1050960.0,1365427.0
1156,2022,FLORIDA,20.0,8.0,4271197.0,2905702.0
1157,2022,GEORGIA,9.0,5.0,2044802.0,1863870.0
1158,2022,ILLINOIS,3.0,14.0,1768782.0,2271361.0
1159,2022,MARYLAND,1.0,7.0,690463.0,1291446.0
1160,2022,MASSACHUSETTS,0.0,9.0,706790.0,1636400.0
1161,2022,MICHIGAN,6.0,7.0,2083361.0,2184504.0
1162,2022,MINNESOTA,4.0,4.0,1200855.0,778745.0
1163,2022,NEW JERSEY,3.0,9.0,1160260.0,1416422.0
1164,2022,NEW YORK,8.0,18.0,2233120.0,3028115.0
1165,2022,NORTH CAROLINA,7.0,7.0,1956906.0,1795170.0
1166,2022,PENNSYLVANIA,8.0,9.0,2702262.0,2436919.0
1167,2022,TENNESSEE,8.0,1.0,1099462.0,581902.0
1168,2022,TEXAS,25.0,13.0,4559280.0,2999053.0
1169,2022,VIRGINIA,5.0,6.0,1462049.0,1572296.0
1170,2022,WASHINGTON,2.0,8.0,1261961.0,1751582.0
1171,2022,WISCONSIN,6.0,2.0,1403080.0,1012955.0
1172,2022,CONNECTICUT,0.0,5.0,521387.0,712823.0
1173,2022,HAWAII,0.0,2.0,124091.0,271953.0
1174,2022,IDAHO,2.0,0.0,395351.0,180997.0
1175,2022,INDIANA,7.0,2.0,1108351.0,716348.0
1176,2022,IOWA,4.0,0.0,677857.0,526460.0
1177,2022,KANSAS,3.0,1.0,569567.0,425322.0
1178,2022,KENTUCKY,5.0,1.0,953296.0,490921.0
1179,2022,LOUISIANA,5.0,1.0,773702.0,318932.0
1180,2022,MAINE,0.0,2.0,1275405.0,1384889.0
1181,2022,MISSISSIPPI,3.0,1.0,454329.0,251202.0
1182,2022,MISSOURI,6.0,2.0,1223617.0,794978.0
1183,2022,MONTANA,2.0,0.0,245081.0,158745.0
1184,2022,NEBRASKA,3.0,0.0,414599.0,235572.0
1185,2022,NEVADA,1.0,3.0,515535.0,480774.0
1186,2022,NEW HAMPSHIRE,0.0,2.0,277808.0,339027.0
1187,2022,NEW MEXICO,0.0,3.0,316352.0,387665.0
1188,2022,OHIO,10.0,5.0,2318993.0,1790614.0
1189,2022,OKLAHOMA,5.0,0.0,760639.0,356988.0
1190,2022,OREGON,2.0,4.0,851991.0,1012725.0
1191,2022,RHODE ISLAND,0.0,2.0,150024.0,201750.0
1192,2022,SOUTH CAROLINA,6.0,1.0,1056078.0,517129.0
1193,2022,UTAH,4.0,0.0,670924.0,342078.0
1194,2022,WEST VIRGINIA,2.0,0.0,312004.0,149706.0
1195,2022,ALASKA,0.0,1.0,129379.0,128553.0
1196,2022,DELAWARE,0.0,1.0,138201.0,178416.0
1197,2022,NORTH DAKOTA,1.0,0.0,148399.0,0.0
1198,2022,SOUTH DAKOTA,1.0,0.0,253821.0,0.0
1199,2022,VERMONT,0.0,1.0,78397.0,176494.0
1200,2022,WYOMING,1.0,0.0,132206.0,47250.0
